GeoFips,City_Match,Cost_Of_Living_RPP,City_Label,Population,Median_Household_Income,High_Skill_Total,Real_Purchasing_Power,Education_Rate
10180,"Abilene, TX",91.675,"Abilene, TX",175241.0,57356.0,28121.0,62564.49,0.1605
10420,"Akron, OH",93.528,"Akron, OH",702464.0,63331.0,161394.0,67713.41,0.2298
10500,"Albany, GA",89.32,"Albany, GA",149298.0,49500.0,21455.0,55418.72,0.1437
10540,"Albany, OR",101.934,"Albany-Lebanon, OR",127200.0,63313.0,17529.0,62111.76,0.1378
10580,"Albany-Schenectady-Troy, NY",98.995,"Albany-Schenectady-Troy, NY",898265.0,77758.0,246239.0,78547.4,0.2741
10740,"Albuquerque, NM",92.103,"Albuquerque, NM",913388.0,58335.0,213273.0,63336.7,0.2335
10780,"Alexandria, LA",89.319,"Alexandria, LA",152695.0,50005.0,20508.0,55984.73,0.1343
10900,"Allentown-Bethlehem-Easton, PA-NJ",98.108,"Allentown-Bethlehem-Easton, PA-NJ",857997.0,73091.0,187057.0,74500.55,0.218
11020,"Altoona, PA",89.25,"Altoona, PA",123132.0,54368.0,20520.0,60916.53,0.1667
11100,"Amarillo, TX",93.486,"Amarillo, TX",268306.0,58878.0,43287.0,62980.55,0.1613
11180,"Ames, IA",91.489,"Ames, IA",124827.0,63814.0,31532.0,69750.46,0.2526
11260,"Anchorage, AK",106.79,"Anchorage, AK",399352.0,86252.0,87637.0,80767.86,0.2194
11460,"Ann Arbor, MI",99.495,"Ann Arbor, MI",372428.0,79198.0,134255.0,79599.98,0.3605
11500,"Anniston-Oxford, AL",83.732,"Anniston-Oxford, AL",116425.0,50977.0,15674.0,60881.14,0.1346
11540,"Appleton, WI",93.432,"Appleton, WI",241748.0,74044.0,50472.0,79249.08,0.2088
11700,"Asheville, NC",95.798,"Asheville, NC",465558.0,58039.0,129722.0,60584.77,0.2786
12020,"Athens-Clarke County, GA",94.407,"Athens-Clarke County, GA",213886.0,52958.0,54443.0,56095.42,0.2545
12060,"Atlanta-Sandy Springs-Roswell, GA",99.03,"Atlanta-Sandy Springs-Alpharetta, GA",6026734.0,75267.0,1621547.0,76004.24,0.2691
12100,"Atlantic City-Hammonton, NJ",95.986,"Atlantic City-Hammonton, NJ",273865.0,66473.0,56247.0,69252.81,0.2054
12220,"Auburn-Opelika, AL",89.125,"Auburn-Opelika, AL",172223.0,57191.0,40727.0,64169.42,0.2365
12260,"Augusta-Richmond County, GA-SC",91.894,"Augusta-Richmond County, GA-SC",607673.0,58093.0,112360.0,63217.4,0.1849
12420,"Austin-Round Rock-San Marcos, TX",99.973,"Austin-Round Rock-Georgetown, TX",2234300.0,85398.0,715990.0,85421.06,0.3205
12540,"Bakersfield-Delano, CA",100.889,"Bakersfield, CA",905644.0,58824.0,97236.0,58305.66,0.1074
12580,"Baltimore-Columbia-Towson, MD",104.901,"Baltimore-Columbia-Towson, MD",2837237.0,87513.0,821827.0,83424.37,0.2897
12620,"Bangor, ME",96.781,"Bangor, ME",152211.0,55125.0,32587.0,56958.49,0.2141
12700,"Barnstable Town, MA",101.36,"Barnstable Town, MA",227942.0,82619.0,79930.0,81510.46,0.3507
12940,"Baton Rouge, LA",93.155,"Baton Rouge, LA",867628.0,63270.0,168026.0,67919.06,0.1937
12980,"Battle Creek, MI",90.427,"Battle Creek, MI",134207.0,53286.0,19950.0,58927.09,0.1487
13020,"Bay City, MI",91.479,"Bay City, MI",104050.0,52510.0,15275.0,57401.15,0.1468
13140,"Beaumont-Port Arthur, TX",92.986,"Beaumont-Port Arthur, TX",397924.0,57899.0,49311.0,62266.36,0.1239
13220,"Beckley, WV",89.334,"Beckley, WV",115985.0,44466.0,15434.0,49775.0,0.1331
13380,"Bellingham, WA",104.581,"Bellingham, WA",224533.0,70011.0,54708.0,66944.28,0.2437
13460,"Bend, OR",101.975,"Bend, OR",194964.0,74082.0,55259.0,72647.22,0.2834
13740,"Billings, MT",92.297,"Billings, MT",182997.0,65788.0,42047.0,71278.59,0.2298
13780,"Binghamton, NY",94.35,"Binghamton, NY",247158.0,56621.0,47046.0,60011.66,0.1903
13820,"Birmingham, AL",90.424,"Birmingham-Hoover, AL",1109895.0,62873.0,250546.0,69531.32,0.2257
13900,"Bismarck, ND",94.143,"Bismarck, ND",132661.0,75715.0,30980.0,80425.52,0.2335
13980,"Blacksburg-Christiansburg-Radford, VA",92.042,"Blacksburg-Christiansburg, VA",166156.0,57381.0,36297.0,62342.19,0.2185
14010,"Bloomington, IL",92.873,"Bloomington, IL",171455.0,70339.0,47627.0,75736.76,0.2778
14020,"Bloomington, IN",93.952,"Bloomington, IN",161469.0,54060.0,40712.0,57540.02,0.2521
14260,"Boise City, ID",93.752,"Boise City, ID",750669.0,69801.0,169613.0,74452.81,0.2259
14460,"Boston-Cambridge-Newton, MA-NH",109.815,"Boston-Cambridge-Newton, MA-NH",4912030.0,99039.0,1713728.0,90187.13,0.3489
14500,"Boulder, CO",100.872,"Boulder, CO",328713.0,92466.0,137939.0,91666.67,0.4196
14540,"Bowling Green, KY",88.605,"Bowling Green, KY",178398.0,54850.0,30855.0,61903.96,0.173
14580,"Bozeman, MT",95.805,"Bozeman, MT",116725.0,76208.0,39236.0,79544.91,0.3361
14740,"Bremerton-Silverdale-Port Orchard, WA",103.603,"Bremerton-Silverdale-Port Orchard, WA",273072.0,84600.0,67073.0,81657.87,0.2456
14860,"Bridgeport-Stamford-Danbury, CT Metropolitan Statistical Area",106.215,"Bridgeport-Stamford-Norwalk, CT",956446.0,101194.0,322329.0,95272.8,0.337
15180,"Brownsville-Harlingen, TX",87.841,"Brownsville-Harlingen, TX",420554.0,43057.0,47124.0,49016.97,0.1121
15260,"Brunswick-St. Simons, GA",90.092,"Brunswick, GA",113736.0,55778.0,20499.0,61912.27,0.1802
15380,"Buffalo-Cheektowaga, NY",94.874,"Buffalo-Cheektowaga, NY",1162523.0,62282.0,280654.0,65647.07,0.2414
15500,"Burlington, NC",89.406,"Burlington, NC",169185.0,55078.0,29920.0,61604.37,0.1768
15540,"Burlington-South Burlington, VT",102.552,"Burlington-South Burlington, VT",224524.0,79246.0,72012.0,77273.97,0.3207
15940,"Canton-Massillon, OH",89.732,"Canton-Massillon, OH",401578.0,58001.0,64513.0,64638.03,0.1606
15980,"Cape Coral-Fort Myers, FL",99.929,"Cape Coral-Fort Myers, FL",752251.0,63235.0,164805.0,63279.93,0.2191
16020,"Cape Girardeau, MO-IL",88.517,"Cape Girardeau, MO-IL",97332.0,57051.0,18490.0,64452.03,0.19
16180,"Carson City, NV",94.019,"Carson City, NV",57957.0,62217.0,9633.0,66174.92,0.1662
16220,"Casper, WY",91.335,"Casper, WY",79382.0,64100.0,13492.0,70181.2,0.17
16300,"Cedar Rapids, IA",91.986,"Cedar Rapids, IA",274901.0,70210.0,60128.0,76326.83,0.2187
16540,"Chambersburg, PA",94.969,"Chambersburg-Waynesboro, PA",155592.0,66329.0,25047.0,69842.79,0.161
16580,"Champaign-Urbana, IL",93.076,"Champaign-Urbana, IL",223247.0,58102.0,58388.0,62424.26,0.2615
16620,"Charleston, WV",91.322,"Charleston, WV",260824.0,49832.0,43095.0,54567.36,0.1652
16700,"Charleston-North Charleston, SC",99.155,"Charleston-North Charleston, SC",789932.0,70275.0,208643.0,70873.88,0.2641
16740,"Charlotte-Concord-Gastonia, NC-SC",96.601,"Charlotte-Concord-Gastonia, NC-SC",2625282.0,69559.0,661230.0,72006.5,0.2519
16820,"Charlottesville, VA",100.482,"Charlottesville, VA",220282.0,79660.0,76797.0,79277.88,0.3486
16860,"Chattanooga, TN-GA",89.984,"Chattanooga, TN-GA",559860.0,58277.0,113624.0,64763.74,0.203
16940,"Cheyenne, WY",92.846,"Cheyenne, WY",99905.0,71550.0,20475.0,77063.09,0.2049
16980,"Chicago-Naperville-Elgin, IL-IN",105.464,"Chicago-Naperville-Elgin, IL-IN-WI",9607711.0,78790.0,2605475.0,74707.96,0.2712
17020,"Chico, CA",102.479,"Chico, CA",217884.0,59863.0,42309.0,58414.89,0.1942
17140,"Cincinnati, OH-KY-IN",94.216,"Cincinnati, OH-KY-IN",2244329.0,70308.0,533971.0,74624.27,0.2379
17300,"Clarksville, TN-KY",90.379,"Clarksville, TN-KY",316185.0,57963.0,51691.0,64133.26,0.1635
17420,"Cleveland, TN",87.728,"Cleveland, TN",125347.0,54845.0,18733.0,62517.1,0.1494
17660,"Coeur d'Alene, ID",93.678,"Coeur d'Alene, ID",168317.0,64936.0,31062.0,69318.3,0.1845
17780,"College Station-Bryan, TX",94.885,"College Station-Bryan, TX",265621.0,53541.0,57413.0,56427.25,0.2161
17820,"Colorado Springs, CO",96.455,"Colorado Springs, CO",747343.0,75641.0,193465.0,78421.03,0.2589
17860,"Columbia, MO",89.516,"Columbia, MO",209714.0,61901.0,58337.0,69150.77,0.2782
17900,"Columbia, SC",93.235,"Columbia, SC",825823.0,58992.0,184183.0,63272.38,0.223
17980,"Columbus, GA-AL",88.912,"Columbus, GA-AL",325657.0,51694.0,54725.0,58140.63,0.168
18020,"Columbus, IN",91.829,"Columbus, IN",81759.0,71183.0,19626.0,77516.91,0.24
18140,"Columbus, OH",94.858,"Columbus, OH",2122480.0,71020.0,548122.0,74869.81,0.2582
18580,"Corpus Christi, TX",94.309,"Corpus Christi, TX",422194.0,59483.0,58138.0,63072.45,0.1377
18700,"Corvallis, OR",101.934,"Corvallis, OR",94667.0,68732.0,30853.0,67427.94,0.3259
18880,"Crestview-Fort Walton Beach-Destin, FL",96.821,"Crestview-Fort Walton Beach-Destin, FL",282686.0,67623.0,65290.0,69843.32,0.231
19100,"Dallas-Fort Worth-Arlington, TX",103.964,"Dallas-Fort Worth-Arlington, TX",7543340.0,76916.0,1802987.0,73983.3,0.239
19140,"Dalton, GA",90.726,"Dalton, GA",142929.0,52898.0,14446.0,58305.23,0.1011
19300,"Daphne-Fairhope-Foley, AL",92.043,"Daphne-Fairhope-Foley, AL",227131.0,64346.0,52562.0,69908.63,0.2314
19340,"Davenport-Moline-Rock Island, IA-IL",91.357,"Davenport-Moline-Rock Island, IA-IL",384055.0,63282.0,73604.0,69268.91,0.1916
19430,"Dayton-Kettering-Beavercreek, OH",92.32,"Dayton-Kettering, OH",811078.0,61763.0,171884.0,66901.0,0.2119
19460,"Decatur, AL",86.159,"Decatur, AL",155697.0,55232.0,22859.0,64104.74,0.1468
19500,"Decatur, IL",89.504,"Decatur, IL",104331.0,55954.0,16852.0,62515.64,0.1615
19660,"Deltona-Daytona Beach-Ormond Beach, FL",97.775,"Deltona-Daytona Beach-Ormond Beach, FL",662671.0,57791.0,127476.0,59106.11,0.1924
19740,"Denver-Aurora-Centennial, CO",109.067,"Denver-Aurora-Lakewood, CO",2936665.0,88512.0,946142.0,81153.79,0.3222
19780,"Des Moines-West Des Moines, IA",93.414,"Des Moines-West Des Moines, IA",702036.0,75134.0,175786.0,80431.2,0.2504
19820,"Detroit-Warren-Dearborn, MI",96.408,"Detroit-Warren-Dearborn, MI",4382832.0,66878.0,1003328.0,69369.76,0.2289
20020,"Dothan, AL",86.063,"Dothan, AL",150124.0,49336.0,21521.0,57325.45,0.1434
20100,"Dover, DE",95.844,"Dover, DE",180078.0,63715.0,31039.0,66477.82,0.1724
20220,"Dubuque, IA",88.148,"Dubuque, IA",98687.0,68198.0,21189.0,77367.61,0.2147
20260,"Duluth, MN-WI",89.29,"Duluth, MN-WI",291325.0,62184.0,59332.0,69642.74,0.2037
20500,"Durham-Chapel Hill, NC",96.597,"Durham-Chapel Hill, NC",642445.0,68913.0,208675.0,71340.72,0.3248
20580,"Eagle Pass, TX",88.019,"Eagle Pass, TX",57769.0,44502.0,5277.0,50559.54,0.0913
20740,"Eau Claire, WI",91.93,"Eau Claire, WI",171083.0,64112.0,33177.0,69740.02,0.1939
20940,"El Centro, CA",95.588,"El Centro, CA",180051.0,49078.0,16758.0,51343.26,0.0931
21060,"Elizabethtown, KY",87.618,"Elizabethtown-Fort Knox, KY",154637.0,59781.0,21843.0,68229.13,0.1413
21140,"Elkhart-Goshen, IN",87.713,"Elkhart-Goshen, IN",206314.0,61182.0,26169.0,69752.49,0.1268
21300,"Elmira, NY",94.664,"Elmira, NY",84456.0,58175.0,14256.0,61454.2,0.1688
21340,"El Paso, TX",92.811,"El Paso, TX",863807.0,50849.0,131090.0,54787.69,0.1518
21420,"Enid, OK",86.914,"Enid, OK",62628.0,60732.0,9577.0,69875.97,0.1529
21500,"Erie, PA",91.921,"Erie, PA",271903.0,55949.0,53981.0,60866.4,0.1985
21660,"Eugene-Springfield, OR",100.78,"Eugene-Springfield, OR",380532.0,59016.0,85523.0,58559.24,0.2247
21780,"Evansville, IN",90.729,"Evansville, IN-KY",313673.0,59134.0,57873.0,65176.51,0.1845
21820,"Fairbanks-College, AK",104.621,"Fairbanks, AK",97149.0,78321.0,19976.0,74861.64,0.2056
22020,"Fargo, ND-MN",92.574,"Fargo, ND-MN",247967.0,68560.0,62758.0,74059.67,0.2531
22140,"Farmington, NM",89.22,"Farmington, NM",122912.0,47485.0,11944.0,53222.37,0.0972
22180,"Fayetteville, NC",91.491,"Fayetteville, NC",518825.0,52835.0,80230.0,57748.85,0.1546
22220,"Fayetteville-Springdale-Rogers, AR",92.953,"Fayetteville-Springdale-Rogers, AR",538063.0,66565.0,114927.0,71611.46,0.2136
22380,"Flagstaff, AZ",95.501,"Flagstaff, AZ",144942.0,61888.0,33393.0,64803.51,0.2304
22420,"Flint, MI",88.979,"Flint, MI",406400.0,54052.0,62266.0,60746.92,0.1532
22500,"Florence, SC",90.499,"Florence, SC",200709.0,48328.0,30714.0,53401.7,0.153
22520,"Florence-Muscle Shoals, AL",85.419,"Florence-Muscle Shoals, AL",150131.0,50942.0,23609.0,59637.79,0.1573
22540,"Fond du Lac, WI",92.198,"Fond du Lac, WI",103890.0,66390.0,16679.0,72008.07,0.1605
22660,"Fort Collins-Loveland, CO",97.583,"Fort Collins, CO",354670.0,80664.0,116607.0,82661.94,0.3288
22900,"Fort Smith, AR-OK",87.679,"Fort Smith, AR-OK",245235.0,48903.0,33438.0,55775.04,0.1364
23060,"Fort Wayne, IN",91.716,"Fort Wayne, IN",415887.0,62031.0,79872.0,67633.78,0.1921
23420,"Fresno, CA",101.329,"Fresno, CA",1003150.0,61276.0,140183.0,60472.32,0.1397
23460,"Gadsden, AL",84.433,"Gadsden, AL",103468.0,46984.0,13067.0,55646.49,0.1263
23540,"Gainesville, FL",95.829,"Gainesville, FL",336322.0,51755.0,82976.0,54007.66,0.2467
23580,"Gainesville, GA",94.025,"Gainesville, GA",201703.0,67571.0,33257.0,71864.93,0.1649
23900,"Gettysburg, PA",95.409,"Gettysburg, PA",103782.0,72492.0,17567.0,75980.25,0.1693
24020,"Glens Falls, NY",95.45,"Glens Falls, NY",127196.0,66325.0,25577.0,69486.64,0.2011
24140,"Goldsboro, NC",89.988,"Goldsboro, NC",117692.0,49488.0,15968.0,54994.0,0.1357
24220,"Grand Forks, ND-MN",89.97,"Grand Forks, ND-MN",104404.0,58338.0,21390.0,64841.61,0.2049
24260,"Grand Island, NE",89.144,"Grand Island, NE",76764.0,60622.0,10528.0,68004.58,0.1371
24300,"Grand Junction, CO",92.123,"Grand Junction, CO",154685.0,62127.0,31642.0,67439.18,0.2046
24340,"Grand Rapids-Wyoming-Kentwood, MI",96.19,"Grand Rapids-Kentwood, MI",1081665.0,70347.0,245670.0,73133.38,0.2271
24420,"Grants Pass, OR",98.824,"Grants Pass, OR",87686.0,51733.0,11783.0,52348.62,0.1344
24500,"Great Falls, MT",86.851,"Great Falls, MT",84178.0,56377.0,15973.0,64912.32,0.1898
24540,"Greeley, CO",95.169,"Greeley, CO",322424.0,80843.0,61569.0,84946.78,0.191
24580,"Green Bay, WI",92.326,"Green Bay, WI",326590.0,68952.0,64667.0,74683.19,0.198
24660,"Greensboro-High Point, NC",92.739,"Greensboro-High Point, NC",771751.0,55544.0,159697.0,59892.82,0.2069
24780,"Greenville, NC",89.502,"Greenville, NC",170600.0,50422.0,34103.0,56336.17,0.1999
24860,"Greenville-Anderson-Greer, SC",93.425,"Greenville-Anderson, SC",918166.0,60544.0,198997.0,64804.92,0.2167
25060,"Gulfport-Biloxi, MS",88.948,"Gulfport-Biloxi, MS",414642.0,53528.0,66145.0,60178.98,0.1595
25180,"Hagerstown-Martinsburg, MD-WV",95.308,"Hagerstown-Martinsburg, MD-WV",291560.0,67192.0,46294.0,70499.85,0.1588
25220,"Hammond, LA",88.773,"Hammond, LA",132492.0,50659.0,18362.0,57065.77,0.1386
25260,"Hanford-Corcoran, CA",98.523,"Hanford-Corcoran, CA",151887.0,63267.0,13498.0,64215.46,0.0889
25420,"Harrisburg-Carlisle, PA",97.349,"Harrisburg-Carlisle, PA",587411.0,71285.0,138396.0,73226.23,0.2356
25500,"Harrisonburg, VA",93.99,"Harrisonburg, VA",135152.0,61669.0,24982.0,65612.3,0.1848
25540,"Hartford-West Hartford-East Hartford, CT",102.084,"Hartford-East Hartford-Middletown, CT",1213324.0,82359.0,340545.0,80677.68,0.2807
25620,"Hattiesburg, MS",89.131,"Hattiesburg, MS",171455.0,51454.0,30720.0,57728.51,0.1792
25740,"Helena, MT",90.779,"Helena, MT",82397.0,66862.0,24080.0,73653.6,0.2922
25860,"Hickory-Lenoir-Morganton, NC",89.074,"Hickory-Lenoir-Morganton, NC",364877.0,53163.0,52180.0,59684.08,0.143
25940,"Hilton Head Island-Bluffton-Port Royal, SC",99.076,"Hilton Head Island-Bluffton, SC",214370.0,70369.0,62031.0,71025.27,0.2894
25980,"Hinesville, GA",93.543,"Hinesville, GA",80732.0,50966.0,8908.0,54484.03,0.1103
26140,"Homosassa Springs, FL",93.723,"Homosassa Springs, FL",151888.0,48664.0,23478.0,51923.22,0.1546
26300,"Hot Springs, AR",88.649,"Hot Springs, AR",99694.0,49985.0,17178.0,56385.29,0.1723
26380,"Houma-Bayou Cane-Thibodaux, LA",88.394,"Houma-Thibodaux, LA",207777.0,58260.0,23722.0,65909.45,0.1142
26420,"Houston-Pasadena-The Woodlands, TX",99.724,"Houston-The Woodlands-Sugar Land, TX",7048954.0,72551.0,1551421.0,72751.79,0.2201
26580,"Huntington-Ashland, WV-KY-OH",88.575,"Huntington-Ashland, WV-KY-OH",361177.0,50739.0,54339.0,57283.66,0.1504
26620,"Huntsville, AL",91.453,"Huntsville, AL",483366.0,71057.0,136482.0,77697.83,0.2824
26820,"Idaho Falls, ID",90.338,"Idaho Falls, ID",154771.0,65307.0,27863.0,72291.84,0.18
26900,"Indianapolis-Carmel-Greenwood, IN",94.896,"Indianapolis-Carmel-Anderson, IN",2089990.0,67330.0,505860.0,70951.36,0.242
26980,"Iowa City, IA",92.956,"Iowa City, IA",174358.0,67357.0,52336.0,72461.16,0.3002
27060,"Ithaca, NY",102.234,"Ithaca, NY",105638.0,64260.0,34348.0,62855.8,0.3251
27100,"Jackson, MI",93.611,"Jackson, MI",160765.0,57746.0,25413.0,61687.19,0.1581
27140,"Jackson, MS",88.479,"Jackson, MS",594756.0,56205.0,126468.0,63523.55,0.2126
27180,"Jackson, TN",85.207,"Jackson, TN",179941.0,51304.0,27410.0,60211.02,0.1523
27260,"Jacksonville, FL",98.678,"Jacksonville, FL",1581680.0,66664.0,363048.0,67557.1,0.2295
27340,"Jacksonville, NC",89.52,"Jacksonville, NC",201597.0,54732.0,27000.0,61139.41,0.1339
27500,"Janesville-Beloit, WI",93.04,"Janesville-Beloit, WI",163522.0,65518.0,27026.0,70419.17,0.1653
27620,"Jefferson City, MO",88.172,"Jefferson City, MO",150956.0,64135.0,30166.0,72738.51,0.1998
27740,"Johnson City, TN",86.964,"Johnson City, TN",206272.0,49278.0,40499.0,56664.83,0.1963
27780,"Johnstown, PA",86.164,"Johnstown, PA",134048.0,51018.0,21464.0,59210.34,0.1601
27860,"Jonesboro, AR",86.668,"Jonesboro, AR",133087.0,49745.0,22228.0,57397.19,0.167
27900,"Joplin, MO-KS",87.803,"Joplin, MO",180693.0,53137.0,28237.0,60518.43,0.1563
27980,"Kahului-Wailuku, HI",111.177,"Kahului-Wailuku-Lahaina, HI",164568.0,88249.0,35359.0,79377.03,0.2149
28020,"Kalamazoo-Portage, MI",93.055,"Kalamazoo-Portage, MI",261280.0,61739.0,66595.0,66346.78,0.2549
28100,"Kankakee, IL",91.951,"Kankakee, IL",108104.0,61664.0,14861.0,67061.8,0.1375
28140,"Kansas City, MO-KS",93.64,"Kansas City, MO-KS",2176124.0,73299.0,560261.0,78277.45,0.2575
28420,"Kennewick-Richland, WA",100.452,"Kennewick-Richland, WA",299864.0,75505.0,53609.0,75165.25,0.1788
28660,"Killeen-Temple, TX",93.266,"Killeen-Temple, TX",467838.0,58426.0,70742.0,62644.48,0.1512
28700,"Kingsport-Bristol, TN-VA",85.511,"Kingsport-Bristol, TN-VA",307215.0,49392.0,51400.0,57760.99,0.1673
28740,"Kingston, NY",99.94,"Kingston, NY",181862.0,71040.0,46012.0,71082.65,0.253
28940,"Knoxville, TN",89.926,"Knoxville, TN",873816.0,60862.0,188308.0,67680.09,0.2155
29020,"Kokomo, IN",90.644,"Kokomo, IN",83349.0,59238.0,11968.0,65352.37,0.1436
29100,"La Crosse-Onalaska, WI-MN",93.986,"La Crosse-Onalaska, WI-MN",139097.0,62756.0,30732.0,66771.65,0.2209
29180,"Lafayette, LA",91.316,"Lafayette, LA",479888.0,55539.0,78870.0,60820.67,0.1644
29200,"Lafayette-West Lafayette, IN",92.379,"Lafayette-West Lafayette, IN",223366.0,54490.0,46223.0,58985.27,0.2069
29340,"Lake Charles, LA",90.603,"Lake Charles, LA",218296.0,59828.0,34190.0,66033.13,0.1566
29420,"Lake Havasu City-Kingman, AZ",89.268,"Lake Havasu City-Kingman, AZ",211274.0,49738.0,23817.0,55717.61,0.1127
29460,"Lakeland-Winter Haven, FL",96.081,"Lakeland-Winter Haven, FL",713148.0,55099.0,103948.0,57346.41,0.1458
29540,"Lancaster, PA",96.946,"Lancaster, PA",550480.0,73688.0,110550.0,76009.32,0.2008
29620,"Lansing-East Lansing, MI",94.243,"Lansing-East Lansing, MI",541730.0,63591.0,120937.0,67475.57,0.2232
29700,"Laredo, TX",89.506,"Laredo, TX",266963.0,54618.0,29041.0,61021.61,0.1088
29740,"Las Cruces, NM",85.987,"Las Cruces, NM",218157.0,47151.0,40141.0,54835.03,0.184
29820,"Las Vegas-Henderson-North Las Vegas, NV",95.357,"Las Vegas-Henderson-Paradise, NV",2231147.0,64210.0,395192.0,67336.43,0.1771
29940,"Lawrence, KS",92.782,"Lawrence, KS",118690.0,62594.0,36544.0,67463.52,0.3079
30020,"Lawton, OK",87.008,"Lawton, OK",127105.0,54494.0,19210.0,62631.02,0.1511
30140,"Lebanon, PA",95.866,"Lebanon, PA",142486.0,66164.0,21545.0,69017.17,0.1512
30300,"Lewiston, ID-WA",86.713,"Lewiston, ID-WA",64105.0,60044.0,11231.0,69244.52,0.1752
30340,"Lewiston-Auburn, ME",93.885,"Lewiston-Auburn, ME",110378.0,59287.0,17607.0,63148.53,0.1595
30460,"Lexington-Fayette, KY",92.054,"Lexington-Fayette, KY",514392.0,63360.0,132584.0,68829.17,0.2577
30620,"Lima, OH",88.747,"Lima, OH",102462.0,55114.0,13139.0,62102.38,0.1282
30700,"Lincoln, NE",93.245,"Lincoln, NE",337906.0,65508.0,83471.0,70253.63,0.247
30780,"Little Rock-North Little Rock-Conway, AR",91.557,"Little Rock-North Little Rock-Conway, AR",745222.0,58441.0,160783.0,63830.18,0.2158
30860,"Logan, UT-ID",91.837,"Logan, UT-ID",145739.0,64498.0,27519.0,70230.95,0.1888
30980,"Longview, TX",92.388,"Longview, TX",285741.0,57111.0,37175.0,61816.47,0.1301
31020,"Longview-Kelso, WA",98.768,"Longview, WA",109457.0,64506.0,12960.0,65310.63,0.1184
31080,"Los Angeles-Long Beach-Anaheim, CA",114.151,"Los Angeles-Long Beach-Anaheim, CA",13202558.0,81652.0,3281936.0,71529.82,0.2486
31140,"Louisville/Jefferson County, KY-IN",91.626,"Louisville/Jefferson County, KY-IN",1279554.0,64533.0,275634.0,70430.88,0.2154
31180,"Lubbock, TX",93.181,"Lubbock, TX",319432.0,56167.0,60133.0,60277.31,0.1882
31340,"Lynchburg, VA",91.052,"Lynchburg, VA",261232.0,60217.0,51526.0,66134.74,0.1972
31420,"Macon-Bibb County, GA",87.311,"Macon-Bibb County, GA",233026.0,49619.0,36858.0,56830.18,0.1582
31540,"Madison, WI",96.645,"Madison, WI",674506.0,77519.0,215879.0,80210.05,0.3201
31700,"Manchester-Nashua, NH",102.185,"Manchester-Nashua, NH",420504.0,86930.0,118559.0,85071.19,0.2819
31740,"Manhattan, KS",90.717,"Manhattan, KS",134198.0,57804.0,28436.0,63719.04,0.2119
31860,"Mankato, MN",88.33,"Mankato, MN",102870.0,67860.0,22168.0,76825.54,0.2155
31900,"Mansfield, OH",88.276,"Mansfield, OH",124504.0,52605.0,15501.0,59591.51,0.1245
32580,"McAllen-Edinburg-Mission, TX",87.234,"McAllen-Edinburg-Mission, TX",865677.0,44666.0,95429.0,51202.51,0.1102
32780,"Medford, OR",102.233,"Medford, OR",221662.0,61020.0,47806.0,59687.19,0.2157
32820,"Memphis, TN-MS-AR",90.292,"Memphis, TN-MS-AR",1335291.0,56926.0,262741.0,63046.56,0.1968
32900,"Merced, CA",100.279,"Merced, CA",279150.0,58861.0,23259.0,58697.23,0.0833
33100,"Miami-Fort Lauderdale-West Palm Beach, FL",110.014,"Miami-Fort Lauderdale-Pompano Beach, FL",6105897.0,62870.0,1492817.0,57147.27,0.2445
33140,"Michigan City-La Porte, IN",90.763,"Michigan City-La Porte, IN",112184.0,60226.0,15493.0,66355.23,0.1381
33220,"Midland, MI",91.479,"Midland, MI",83467.0,67642.0,20868.0,73942.65,0.25
33260,"Midland, TX",97.715,"Midland, TX",172177.0,87812.0,30538.0,89865.42,0.1774
33340,"Milwaukee-Waukesha, WI",95.566,"Milwaukee-Waukesha, WI",1571784.0,67448.0,400467.0,70577.4,0.2548
33460,"Minneapolis-St. Paul-Bloomington, MN-WI",103.53,"Minneapolis-St. Paul-Bloomington, MN-WI",3659156.0,87397.0,1081885.0,84417.08,0.2957
33500,"Minot, ND",89.564,"Minot, ND",77434.0,72118.0,14050.0,80521.19,0.1814
33540,"Missoula, MT",94.55,"Missoula, MT",117379.0,61423.0,35295.0,64963.51,0.3007
33660,"Mobile, AL",87.948,"Mobile, AL",430194.0,51010.0,68522.0,58000.18,0.1593
33700,"Modesto, CA",102.961,"Modesto, CA",550842.0,68368.0,62589.0,66401.84,0.1136
33740,"Monroe, LA",86.483,"Monroe, LA",207351.0,43952.0,30504.0,50821.55,0.1471
33780,"Monroe, MI",92.026,"Monroe, MI",154068.0,68006.0,23625.0,73898.68,0.1533
33860,"Montgomery, AL",88.484,"Montgomery, AL",384791.0,56356.0,77933.0,63690.61,0.2025
34060,"Morgantown, WV",95.792,"Morgantown, WV",139961.0,56312.0,35066.0,58785.7,0.2505
34100,"Morristown, TN",84.821,"Morristown, TN",141919.0,48464.0,17802.0,57136.79,0.1254
34580,"Mount Vernon-Anacortes, WA",100.331,"Mount Vernon-Anacortes, WA",128228.0,75308.0,25972.0,75059.55,0.2025
34620,"Muncie, IN",88.979,"Muncie, IN",112480.0,49321.0,17758.0,55429.93,0.1579
34740,"Muskegon-Norton Shores, MI",91.953,"Muskegon, MI",175633.0,57047.0,24703.0,62039.3,0.1407
34820,"Myrtle Beach-Conway-North Myrtle Beach, SC",94.166,"Myrtle Beach-Conway-North Myrtle Beach, SC-NC",478654.0,57489.0,97118.0,61050.7,0.2029
34900,"Napa, CA",112.456,"Napa, CA",138795.0,97498.0,36464.0,86698.8,0.2627
34940,"Naples-Marco Island, FL",102.181,"Naples-Marco Island, FL",372797.0,75543.0,107989.0,73930.57,0.2897
34980,"Nashville-Davidson--Murfreesboro--Franklin, TN",95.193,"Nashville-Davidson--Murfreesboro--Franklin, TN",1960999.0,72537.0,510351.0,76199.93,0.2603
35300,"New Haven, CT",102.695,"New Haven-Milford, CT",864751.0,75043.0,221536.0,73073.66,0.2562
35380,"New Orleans-Metairie, LA",94.444,"New Orleans-Metairie, LA",1269037.0,57656.0,285621.0,61047.82,0.2251
35620,"New York-Newark-Jersey City, NY-NJ",114.81,"New York-Newark-Jersey City, NY-NJ-PA",20011812.0,86445.0,5887025.0,75293.96,0.2942
35660,"Niles, MI",91.969,"Niles, MI",154263.0,55893.0,31324.0,60773.74,0.2031
35840,"North Port-Bradenton-Sarasota, FL",99.255,"North Port-Sarasota-Bradenton, FL",824160.0,67508.0,223999.0,68014.71,0.2718
35980,"Norwich-New London-Willimantic, CT",100.014,"Norwich-New London, CT",269131.0,79040.0,65643.0,79028.94,0.2439
36100,"Ocala, FL",93.834,"Ocala, FL",370372.0,50808.0,59174.0,54146.68,0.1598
36220,"Odessa, TX",96.339,"Odessa, TX",161258.0,64975.0,15625.0,67444.13,0.0969
36260,"Ogden, UT",94.035,"Ogden-Clearfield, UT",687274.0,82990.0,133875.0,88254.37,0.1948
36420,"Oklahoma City, OK",92.444,"Oklahoma City, OK",1412874.0,63351.0,299555.0,68529.06,0.212
36500,"Olympia-Lacey-Tumwater, WA",103.501,"Olympia-Lacey-Tumwater, WA",290642.0,81501.0,74242.0,78744.17,0.2554
36540,"Omaha, NE-IA",93.796,"Omaha-Council Bluffs, NE-IA",959306.0,73757.0,237600.0,78635.55,0.2477
36740,"Orlando-Kissimmee-Sanford, FL",99.784,"Orlando-Kissimmee-Sanford, FL",2632721.0,65086.0,610811.0,65226.89,0.232
36780,"Oshkosh-Neenah, WI",92.548,"Oshkosh-Neenah, WI",171304.0,63938.0,33927.0,69086.31,0.1981
36980,"Owensboro, KY",87.527,"Owensboro, KY",120720.0,58036.0,19266.0,66306.4,0.1596
37100,"Oxnard-Thousand Oaks-Ventura, CA",111.445,"Oxnard-Thousand Oaks-Ventura, CA",845255.0,94150.0,195611.0,84481.13,0.2314
37140,"Paducah, KY-IL",85.3,"Paducah, KY-IL",98477.0,53891.0,15824.0,63178.19,0.1607
37340,"Palm Bay-Melbourne-Titusville, FL",98.909,"Palm Bay-Melbourne-Titusville, FL",601573.0,63632.0,141951.0,64333.88,0.236
37460,"Panama City-Panama City Beach, FL",96.75,"Panama City, FL",181384.0,60473.0,33073.0,62504.39,0.1823
37620,"Parkersburg-Vienna, WV",89.669,"Parkersburg-Vienna, WV",89942.0,50142.0,13715.0,55918.99,0.1525
37860,"Pensacola-Ferry Pass-Brent, FL",95.733,"Pensacola-Ferry Pass-Brent, FL",503173.0,63860.0,96806.0,66706.36,0.1924
37900,"Peoria, IL",90.388,"Peoria, IL",404226.0,62684.0,81776.0,69349.91,0.2023
37980,"Philadelphia-Camden-Wilmington, PA-NJ-DE-MD",99.006,"Philadelphia-Camden-Wilmington, PA-NJ-DE-MD",6215222.0,79070.0,1717673.0,79863.85,0.2764
38060,"Phoenix-Mesa-Chandler, AZ",99.126,"Phoenix-Mesa-Chandler, AZ",4787811.0,72211.0,1067313.0,72847.69,0.2229
38240,"Pinehurst-Southern Pines, NC",90.864,"Pinehurst-Southern Pines, NC",98618.0,67440.0,28448.0,74220.81,0.2885
38300,"Pittsburgh, PA",94.842,"Pittsburgh, PA",2366544.0,65894.0,630352.0,69477.66,0.2664
38340,"Pittsfield, MA",96.044,"Pittsfield, MA",129089.0,63159.0,34347.0,65760.48,0.2661
38540,"Pocatello, ID",88.478,"Pocatello, ID",94216.0,56190.0,16619.0,63507.31,0.1764
38860,"Portland-South Portland, ME",101.865,"Portland-South Portland, ME",547792.0,77759.0,170888.0,76335.35,0.312
38900,"Portland-Vancouver-Hillsboro, OR-WA",105.407,"Portland-Vancouver-Hillsboro, OR-WA",2493429.0,82901.0,723648.0,78648.48,0.2902
38940,"Port St. Lucie, FL",98.485,"Port St. Lucie, FL",482922.0,62757.0,99394.0,63722.39,0.2058
39150,"Prescott Valley-Prescott, AZ",93.864,"Prescott Valley-Prescott, AZ",233789.0,56170.0,50231.0,59841.9,0.2149
39300,"Providence-Warwick, RI-MA",101.358,"Providence-Warwick, RI-MA",1668019.0,74422.0,389502.0,73424.89,0.2335
39340,"Provo-Orem-Lehi, UT",95.707,"Provo-Orem, UT",659913.0,82742.0,139160.0,86453.45,0.2109
39380,"Pueblo, CO",90.579,"Pueblo, CO",167453.0,53430.0,27215.0,58987.18,0.1625
39460,"Punta Gorda, FL",96.22,"Punta Gorda, FL",184837.0,57887.0,37650.0,60161.09,0.2037
39540,"Racine-Mount Pleasant, WI",92.165,"Racine, WI",197379.0,67224.0,36193.0,72938.75,0.1834
39580,"Raleigh-Cary, NC",97.598,"Raleigh-Cary, NC",1391801.0,83581.0,454417.0,85638.03,0.3265
39660,"Rapid City, SD",91.962,"Rapid City, SD",138268.0,63266.0,30305.0,68795.81,0.2192
39740,"Reading, PA",96.114,"Reading, PA",426967.0,69272.0,75301.0,72072.75,0.1764
39820,"Redding, CA",99.335,"Redding, CA",181935.0,61937.0,29041.0,62351.64,0.1596
39900,"Reno, NV",96.868,"Reno, NV",483805.0,74216.0,108893.0,76615.6,0.2251
40060,"Richmond, VA",97.968,"Richmond, VA",1303212.0,74592.0,353249.0,76139.15,0.2711
40140,"Riverside-San Bernardino-Ontario, CA",105.586,"Riverside-San Bernardino-Ontario, CA",4580402.0,73424.0,672023.0,69539.52,0.1467
40220,"Roanoke, VA",93.68,"Roanoke, VA",314501.0,60907.0,66820.0,65016.01,0.2125
40340,"Rochester, MN",91.945,"Rochester, MN",224330.0,80865.0,62563.0,87949.32,0.2789
40380,"Rochester, NY",97.476,"Rochester, NY",1088373.0,65812.0,276978.0,67516.11,0.2545
40420,"Rockford, IL",93.226,"Rockford, IL",339063.0,59559.0,54022.0,63886.68,0.1593
40580,"Rocky Mount, NC",87.634,"Rocky Mount, NC",144237.0,49369.0,20298.0,56335.44,0.1407
40660,"Rome, GA",90.883,"Rome, GA",98210.0,52388.0,13735.0,57643.34,0.1399
40900,"Sacramento-Roseville-Folsom, CA",106.271,"Sacramento-Roseville-Folsom, CA",2379368.0,81264.0,565318.0,76468.65,0.2376
40980,"Saginaw, MI",90.98,"Saginaw, MI",190540.0,52749.0,29353.0,57978.68,0.1541
41060,"St. Cloud, MN",87.463,"St. Cloud, MN",198725.0,67555.0,34198.0,77238.38,0.1721
41100,"St. George, UT",94.074,"St. George, UT",176533.0,65040.0,35197.0,69137.06,0.1994
41140,"St. Joseph, MO-KS",88.859,"St. Joseph, MO-KS",122756.0,55966.0,18497.0,62982.93,0.1507
41180,"St. Louis, MO-IL",96.268,"St. Louis, MO-IL",2815627.0,69635.0,708091.0,72334.52,0.2515
41420,"Salem, OR",101.979,"Salem, OR",430384.0,65881.0,73192.0,64602.52,0.1701
41500,"Salinas, CA",109.259,"Salinas, CA",438953.0,82013.0,74311.0,75062.92,0.1693
41540,"Salisbury, MD",93.133,"Salisbury, MD-DE",414424.0,66491.0,87398.0,71393.6,0.2109
41620,"Salt Lake City-Murray, UT",96.115,"Salt Lake City, UT",1244671.0,82506.0,286857.0,85840.92,0.2305
41660,"San Angelo, TX",91.729,"San Angelo, TX",121994.0,61456.0,19523.0,66997.35,0.16
41700,"San Antonio-New Braunfels, TX",96.181,"San Antonio-New Braunfels, TX",2529453.0,65355.0,498146.0,67950.01,0.1969
41740,"San Diego-Chula Vista-Carlsbad, CA",115.054,"San Diego-Chula Vista-Carlsbad, CA",3296317.0,88240.0,906455.0,76694.42,0.275
41780,"Sandusky, OH",89.146,"Sandusky, OH",75560.0,60149.0,13750.0,67472.46,0.182
41860,"San Francisco-Oakland-Fremont, CA",120.038,"San Francisco-Oakland-Berkeley, CA",4725584.0,118547.0,1762691.0,98757.89,0.373
41940,"San Jose-Sunnyvale-Santa Clara, CA",111.612,"San Jose-Sunnyvale-Santa Clara, CA",1995351.0,138370.0,742410.0,123974.12,0.3721
42020,"San Luis Obispo-Paso Robles, CA",108.614,"San Luis Obispo-Paso Robles, CA",282771.0,82514.0,69920.0,75969.95,0.2473
42100,"Santa Cruz-Watsonville, CA",109.079,"Santa Cruz-Watsonville, CA",272138.0,96093.0,75398.0,88094.87,0.2771
42140,"Santa Fe, NM",93.231,"Santa Fe, NM",153632.0,64423.0,47367.0,69100.41,0.3083
42200,"Santa Maria-Santa Barbara, CA",111.805,"Santa Maria-Santa Barbara, CA",447651.0,84356.0,97636.0,75449.22,0.2181
42220,"Santa Rosa-Petaluma, CA",109.86,"Santa Rosa-Petaluma, CA",492498.0,91607.0,132345.0,83385.22,0.2687
42340,"Savannah, GA",95.415,"Savannah, GA",401541.0,64703.0,90331.0,67812.19,0.225
42540,"Scranton--Wilkes-Barre, PA",93.134,"Scranton--Wilkes-Barre, PA",566743.0,57568.0,104408.0,61812.01,0.1842
42660,"Seattle-Tacoma-Bellevue, WA",114.481,"Seattle-Tacoma-Bellevue, WA",3971125.0,97675.0,1239206.0,85319.83,0.3121
42680,"Sebastian-Vero Beach-West Vero Corridor, FL",98.097,"Sebastian-Vero Beach, FL",158002.0,61594.0,39249.0,62788.87,0.2484
42700,"Sebring, FL",89.858,"Sebring-Avon Park, FL",101174.0,46895.0,14640.0,52187.9,0.1447
43100,"Sheboygan, WI",93.265,"Sheboygan, WI",117528.0,65352.0,21468.0,70071.3,0.1827
43300,"Sherman-Denison, TX",92.835,"Sherman-Denison, TX",134205.0,62078.0,19682.0,66869.18,0.1467
43340,"Shreveport-Bossier City, LA",90.471,"Shreveport-Bossier City, LA",395086.0,47729.0,64553.0,52756.13,0.1634
43420,"Sierra Vista-Douglas, AZ",87.709,"Sierra Vista-Douglas, AZ",125092.0,55077.0,22569.0,62795.15,0.1804
43580,"Sioux City, IA-NE-SD",90.239,"Sioux City, IA-NE-SD",148442.0,64438.0,22117.0,71408.15,0.149
43620,"Sioux Falls, SD-MN",92.997,"Sioux Falls, SD",272414.0,72547.0,62366.0,78010.04,0.2289
43780,"South Bend-Mishawaka, IN-MI",91.691,"South Bend-Mishawaka, IN-MI",323681.0,58996.0,64767.0,64342.19,0.2001
43900,"Spartanburg, SC",92.188,"Spartanburg, SC",322864.0,57627.0,54415.0,62510.31,0.1685
44060,"Spokane-Spokane Valley, WA",98.677,"Spokane-Spokane Valley, WA",577534.0,63524.0,121924.0,64375.69,0.2111
44100,"Springfield, IL",91.616,"Springfield, IL",209102.0,66999.0,48662.0,73130.24,0.2327
44140,"Springfield, MA",97.66,"Springfield, MA",699160.0,64659.0,161162.0,66208.27,0.2305
44180,"Springfield, MO",89.103,"Springfield, MO",472164.0,53827.0,91163.0,60409.86,0.1931
44220,"Springfield, OH",86.832,"Springfield, OH",136032.0,54869.0,17544.0,63189.84,0.129
44300,"State College, PA",95.572,"State College, PA",158879.0,64995.0,44952.0,68006.32,0.2829
44420,"Staunton-Stuarts Draft, VA",92.75,"Staunton, VA",124455.0,61397.0,22648.0,66196.23,0.182
44700,"Stockton-Lodi, CA",104.599,"Stockton, CA",771406.0,74962.0,95083.0,71666.08,0.1233
44940,"Sumter, SC",86.387,"Sumter, SC",137150.0,48423.0,19121.0,56053.57,0.1394
45060,"Syracuse, NY",96.263,"Syracuse, NY",661106.0,65112.0,147689.0,67639.7,0.2234
45220,"Tallahassee, FL",94.872,"Tallahassee, FL",382747.0,56304.0,95320.0,59347.33,0.249
45300,"Tampa-St. Petersburg-Clearwater, FL",98.777,"Tampa-St. Petersburg-Clearwater, FL",3146074.0,61121.0,738582.0,61877.77,0.2348
45460,"Terre Haute, IN",87.295,"Terre Haute, IN",185527.0,51531.0,25421.0,59030.87,0.137
45500,"Texarkana, TX-AR",87.839,"Texarkana, TX-AR",147936.0,52262.0,20637.0,59497.49,0.1395
45780,"Toledo, OH",90.088,"Toledo, OH",646330.0,57312.0,123733.0,63617.8,0.1914
45820,"Topeka, KS",89.34,"Topeka, KS",233423.0,61574.0,47853.0,68920.98,0.205
45900,"Traverse City, MI",93.407,"Traverse City, MI",152552.0,67769.0,40950.0,72552.38,0.2684
45940,"Trenton-Princeton, NJ",101.899,"Trenton-Princeton, NJ",384951.0,85687.0,113117.0,84090.13,0.2938
46060,"Tucson, AZ",92.758,"Tucson, AZ",1035063.0,59215.0,240377.0,63838.16,0.2322
46140,"Tulsa, OK",91.68,"Tulsa, OK",1009982.0,60866.0,193432.0,66389.62,0.1915
46220,"Tuscaloosa, AL",88.002,"Tuscaloosa, AL",265855.0,54449.0,47236.0,61872.46,0.1777
46300,"Twin Falls, ID",89.741,"Twin Falls, ID",113209.0,57953.0,15389.0,64578.06,0.1359
46340,"Tyler, TX",94.502,"Tyler, TX",231429.0,62518.0,42515.0,66155.21,0.1837
46520,"Urban Honolulu, HI",114.067,"Urban Honolulu, HI",1015167.0,92600.0,256030.0,81180.36,0.2522
46540,"Utica-Rome, NY",92.466,"Utica-Rome, NY",292630.0,61452.0,51325.0,66459.02,0.1754
46660,"Valdosta, GA",88.215,"Valdosta, GA",147256.0,46092.0,21677.0,52249.62,0.1472
46700,"Vallejo, CA",109.395,"Vallejo, CA",451432.0,89648.0,86981.0,81948.9,0.1927
47020,"Victoria, TX",91.711,"Victoria, TX",98365.0,60419.0,12472.0,65879.77,0.1268
47220,"Vineland, NJ",96.536,"Vineland-Bridgeton, NJ",154921.0,58397.0,17858.0,60492.46,0.1153
47260,"Virginia Beach-Chesapeake-Norfolk, VA-NC",97.868,"Virginia Beach-Norfolk-Newport News, VA-NC",1791198.0,71612.0,407791.0,73172.03,0.2277
47300,"Visalia, CA",98.919,"Visalia, CA",470999.0,57394.0,42332.0,58021.21,0.0899
47380,"Waco, TX",94.064,"Waco, TX",275105.0,52836.0,42898.0,56170.27,0.1559
47460,"Walla Walla, WA",99.103,"Walla Walla, WA",62168.0,63686.0,11609.0,64262.43,0.1867
47580,"Warner Robins, GA",91.966,"Warner Robins, GA",188999.0,67027.0,36911.0,72882.37,0.1953
47900,"Washington-Arlington-Alexandria, DC-VA-MD-WV",111.564,"Washington-Arlington-Alexandria, DC-VA-MD-WV",6332069.0,111252.0,2268504.0,99720.34,0.3583
47940,"Waterloo-Cedar Falls, IA",89.126,"Waterloo-Cedar Falls, IA",168595.0,61632.0,32428.0,69151.54,0.1923
48060,"Watertown-Fort Drum, NY",93.705,"Watertown-Fort Drum, NY",117634.0,58271.0,18194.0,62185.58,0.1547
48140,"Wausau, WI",91.15,"Wausau-Weston, WI",165975.0,66703.0,29439.0,73179.37,0.1774
48260,"Weirton-Steubenville, WV-OH",89.236,"Weirton-Steubenville, WV-OH",117446.0,50495.0,15716.0,56585.91,0.1338
48300,"Wenatchee-East Wenatchee, WA",103.043,"Wenatchee, WA",121130.0,66663.0,21302.0,64694.35,0.1759
48540,"Wheeling, WV-OH",89.361,"Wheeling, WV-OH",140333.0,53169.0,22245.0,59499.11,0.1585
48620,"Wichita, KS",90.988,"Wichita, KS",644480.0,61445.0,131002.0,67530.88,0.2033
48660,"Wichita Falls, TX",90.712,"Wichita Falls, TX",148271.0,55051.0,22205.0,60687.67,0.1498
48700,"Williamsport, PA",91.489,"Williamsport, PA",114274.0,58177.0,19572.0,63589.07,0.1713
48900,"Wilmington, NC",97.018,"Wilmington, NC",285139.0,63036.0,78794.0,64973.51,0.2763
49020,"Winchester, VA-WV",97.351,"Winchester, VA-WV",141695.0,72904.0,25773.0,74887.78,0.1819
49180,"Winston-Salem, NC",91.596,"Winston-Salem, NC",672914.0,55454.0,127166.0,60541.95,0.189
49340,"Worcester, MA",100.439,"Worcester, MA-CT",973361.0,80333.0,246118.0,79981.88,0.2529
49420,"Yakima, WA",97.69,"Yakima, WA",255151.0,58380.0,27655.0,59760.47,0.1084
49620,"York-Hanover, PA",96.651,"York-Hanover, PA",454605.0,72543.0,81848.0,75056.65,0.18
49660,"Youngstown-Warren, OH",86.871,"Youngstown-Warren-Boardman, OH-PA",542459.0,50966.0,86881.0,58668.6,0.1602
49700,"Yuba City, CA",101.501,"Yuba City, CA",179484.0,65113.0,21989.0,64150.11,0.1225
49740,"Yuma, AZ",89.215,"Yuma, AZ",202944.0,52563.0,20286.0,58917.22,0.1
